id,name,country,city,bic,street,street2,zip,phone
l10n_ec.bank_1,BANCO CENTRAL DEL ECUADOR,Ecuador,GUAYAQUIL,BCENECEQ120,,,,
l10n_ec.bank_2,BANCO PICHINCHA C.A.,Ecuador,Quito,PICHECEQ,Av.Amazonas N39-34,Pereira,170801,(02)2980980
l10n_ec.bank_3,BANCO GUAYAQUIL S.A.,Ecuador,Guayaquil,GUAYECEG,Panama,Victor Manuel Rendon,90313,(04)3730100
l10n_ec.bank_4,"CITIBANK, N.A.",Ecuador,Quito,CITIECE1,Av.República de El Salvador 1082,Av.Naciones Unidas,170135,(02)3939000
l10n_ec.bank_5,"BANCO DE MACHALA, C.A.",Ecuador,Machala,BMACECEG,9 de Mayo,Rocafuerte,90313,(07)2930100
l10n_ec.bank_6,BANCO DE LOJA,Ecuador,Loja,LOJBECEL,Simon Bolivar,Vicente Rocafuerte,110108,(07)2593500
l10n_ec.bank_7,BANCO DEL PACIFICO,Ecuador,Guayaquil,PACIECEG,Francisco Paula de Icaza,Pedro Carbo,90313,(04)3731500
l10n_ec.bank_8,BANCO INTERNACIONAL S.A.,Ecuador,Quito,BINTECEQ,Av.Patria E4-21,9 de Octubre,170143,(02)4009100
l10n_ec.bank_9,BANCO AMAZONAS S.A.,Ecuador,Guayaquil,BASAECEG,Av.Francisco de Orellana,1er Pasaje 10,90512,(04)6021100
l10n_ec.bank_10,BANCO DEL AUSTRO S.A.,Ecuador,Quito,AUSTECEQ,Amazonas,Sta María,170515,1800228787
l10n_ec.bank_11,BANCO DE LA PRODUCCION S.A. PRODUBANCO,Ecuador,Quito,PRODECEQ,Puerta del Sol,Av.Rio Amazonas,170135,(02)2999000
l10n_ec.bank_12,BANCO BOLIVARIANO C.A.,Ecuador,Guayaquil,BBOLECEG,Junín 200,Panamá,90313,(04)2305000
l10n_ec.bank_13,BANCO COMERCIAL DE MANABI S.A.,Ecuador,Portoviejo,CBMIECE1,Av.Reales Tamarindos,Calle Alamos,130101,(05)2440102
l10n_ec.bank_14,BANCO GENERAL RUMINAHUI S.A.,Ecuador,Guayaquil,BGRMECEQ,Av.Luis Plaza Dañin,Av.Pedro Menéndez Gilbert,90513,(04)2000000
l10n_ec.bank_15,BANCO DEL LITORAL,Ecuador,Guayaquil,LITBECEF,Avenida 12 NE 514,Av.Circunvalación Sur,90313,(04)3730510
l10n_ec.bank_16,BANCO SOLIDARIO,Ecuador,Quito,BSGEECEQ,Av.Río Amazonas,Corea,170135,(02)3950600
l10n_ec.bank_17,BANCO PROCREDIT S.A.,Ecuador,Quito,PRCBECEQ,Atahualpa y Amazonas Esq,,170135,(02) 6003820
l10n_ec.bank_18,BANCO CAPITAL S.A,Ecuador,Quito,BCAPECEQ,Av.Río Amazonas 3461,Av.Atahualpa,170135,(02)2259021
l10n_ec.bank_19,BANCO DESARROLLO DE LOS PUEBLOS S.A.,Ecuador,Coca,CODSECEQ,Francisco de Orellana,,,(06)2882105
l10n_ec.bank_20,Banecuador B.P.,Ecuador,,66,,,,
l10n_ec.bank_21,COOPERATIVA DE AHORRO Y CREDITO 15 DE ABRIL LTDA,Ecuador,PORTOVIEJO,CHDRECE1,,,,
l10n_ec.bank_22,COOPERATIVA DE AHORRO Y CREDITO JARDIN AZUAYO LTDA,Ecuador,PAUTE,CCJAECE1,,,,
l10n_ec.bank_23,COOPERATIVA DE AHORRO Y CREDITO POLICIA NACIONAL LTDA,Ecuador,QUITO,CPCCECE1,,,,
l10n_ec.bank_24,CAJA CENTRAL FINANCOOP,Ecuador,QUITO,CJCFECE1,,,,
l10n_ec.bank_25,BANCO DELBANK S.A.,Ecuador,GUAYAQUIL,DEBNECE1,,,,
l10n_ec.bank_26,Banco Ecuatoriano De La Vivienda,Ecuador,,202,,,,
l10n_ec.bank_27,Cacpeco Ltda,Ecuador,,203,,,,
l10n_ec.bank_28,COOPERATIVA DE AHORRO Y CREDITO DE LA PEQUENA EMPRESA DE PASTAZA LTDA,Ecuador,PUYO,CACQECE1,,,,
l10n_ec.bank_29,COOPERATIVA DE AHORRO Y CREDITO 23 DE JULIO LTDA,Ecuador,CAYAMBE,CACJECE1,,,,
l10n_ec.bank_30,COOPERATIVA DE AHORRO Y CREDITO '29 DE OCTUBRE' LTDA,Ecuador,CUENCA,COOCECE1320,,,,
l10n_ec.bank_31,COOPERATIVA DE AHORRO Y CREDITO ANDALUCIA LTDA,Ecuador,QUITO,CHEDECE1,,,,
l10n_ec.bank_32,COOPERATIVA DE AHORRO Y CREDITO COCA LTDA,Ecuador,QUITO Y BOLIVAR,OAOCECE1,,,,
l10n_ec.bank_33,COOPERATIVA DE AHORRO Y CREDITO EL SAGRARIO LTDA,Ecuador,AMBATO,CHSGECE1,,,,
l10n_ec.bank_34,COOPERATIVA DE AHORRO Y CREDITO GUARANDA LTDA,Ecuador,GUARANDA,CRGNECE1,,,,
l10n_ec.bank_35,COOPERATIVA DE AHORRO Y CREDITO JUVENTUD ECUATORIANA PROGRESISTA LTDA.,Ecuador,CUENCA,CJEPECEQ,,,,
l10n_ec.bank_36,COOPERATIVA DE AHORRO Y CREDITO VICENTINA MANUEL ESTEBAN GODOY ORTEGA LTDA,Ecuador,LOJA,CPGMECE1,,,,
l10n_ec.bank_37,COOPERATIVA DE AHORRO Y CREDITO OSCUS LTDA,Ecuador,AMBATO,CSOSECE1,,,,
l10n_ec.bank_38,COOPERATIVA DE AHORRO Y CREDITO PABLO MUNOZ VEGA,Ecuador,TULCAN,CHCBECE1,,,,
l10n_ec.bank_39,COOPERATIVA DE AHORRO Y CREDITO COOPROGRESO LTDA.,Ecuador,QUITO,CHCRECE1,,,,
l10n_ec.bank_40,COOPERATIVA DE AHORRO Y CREDITO RIOBAMBA,Ecuador,RIOBAMBA,CHDMECE1,,,,
l10n_ec.bank_41,COOPERATIVA DE AHORRO Y CREDITO SAN FRANCISCO DE ASIS LTDA.,Ecuador,QUITO,CHTNECE1,,,,
l10n_ec.bank_42,COOPERATIVA DE AHORRO Y CREDITO TULCAN,Ecuador,TULCAN,CHRLECE1,,,,
l10n_ec.bank_43,COOPERATIVA DE AHORRO Y CREDITO ATUNTAQUI LTDA,Ecuador,ATUNTAQUI,CATQECE1,,,,
l10n_ec.bank_44,COOPERATIVA DE AHORRO Y CREDITO COMERCIO LTDA,Ecuador,PORTOVIEJO,CHRCECE1,,,,
l10n_ec.bank_45,COOPERATIVA DE AHORRO Y CREDITO LA DOLOROSA LTDA.,Ecuador,DURAN,CHTDECE1,,,,
l10n_ec.bank_46,COOPERATIVA DE AHORRO Y CREDITO FUTURO Y DESARROLLO FUNDESARROLLO,Ecuador,QUITO,CHTFECE1,,,,
l10n_ec.bank_47,COOPERATIVA DE AHORRO Y CREDITO ALIANZA DEL VALLE LTDA,Ecuador,AMAGUANA,CAEZECE1,,,,
l10n_ec.bank_48,COOPERATIVA DE AHORRO Y CREDITO CONSTRUCCION COMERCIO Y PRODUCCION LTDA,Ecuador,QUITO,CHDOECE1,,,,
l10n_ec.bank_49,COOPERATIVA DE AHORRO Y CREDITO CHONE LTDA,Ecuador,CHONE,CADHECE1,,,,
l10n_ec.bank_50,COOPERATIVA DE AHORRO Y CREDITO SANTA ANA LTDA,Ecuador,SANTA ANA,OHCTECE1,,,,
l10n_ec.bank_51,DINERS CLUB DEL ECUADOR S.A.,Ecuador,QUITO,DICDECEQ,,,,
l10n_ec.bank_52,ASOCIACION MUTUALISTA AMBATO,Ecuador,AMBATO,MUATECE1,,,,
l10n_ec.bank_53,MUTUALISTA AZUAY,Ecuador,CUENCA,MUAZECE1,,,,
l10n_ec.bank_54,MUTUALISTA IMBABURA,Ecuador,IBARRA,MUIMECE1,,,,
l10n_ec.bank_55,MUTUALISTA AZUAY,Ecuador,CUENCA,MUAZECE1,,,,
l10n_ec.bank_56,COOPERATIVA DE AHORRO Y CREDITO CORPORACION CENTRO LTDA,Ecuador,QUITO,CHDPECE1,,,,
l10n_ec.bank_57,Coop. De A. Y C. Cordillera De Los Andes Ltda.,Ecuador,,242,,,,
l10n_ec.bank_58,COOPERATIVA DE AHORRO Y CREDITO PUERTO FRANCISCO DE ORELLANA,Ecuador,QUITO,OARPECE1,,,,
l10n_ec.bank_59,COOPERATIVA DE AHORRO Y CREDITO LUZ DEL VALLE,Ecuador,RUMINAHUI,CATZECE1,,,,
l10n_ec.bank_60,COOPERATIVA DE AHORRO Y CREDITO ESPERANZA Y PROGRESO DEL VALLE,Ecuador,RUMINAHUI,CAOZECE1,,,,
l10n_ec.bank_61,COOPERATIVA DE AHORRO Y CREDITO CHOCO TUNGURAHUA RUNA LTDA,Ecuador,QUITO,CAIHECE1,,,,
l10n_ec.bank_62,COOPERATIVA DE AHORRO Y CREDITO COOPARTAMOS LTDA,Ecuador,RUMINAHUI,OAEPECE1,,,,
l10n_ec.bank_63,COOPERATIVA DE AHORRO Y CREDITO EMPRENDEDORES COOPEMPRENDER LIMITADA,Ecuador,QUITO,OAEEECE1,,,,
l10n_ec.bank_64,Coop. De A. Y C. Nueva Loja Ltda.,Ecuador,,250,,,,
l10n_ec.bank_65,COOPERATIVA DE AHORRO Y CREDITO PICHINCHA LTDA.,Ecuador,QUITO,OAIHECE1,,,,
l10n_ec.bank_66,COOPERATIVA DE AHORRO Y CREDITO SAN FRANCISCO DE ASIS LTDA.,Ecuador,QUITO,CHTNECE1,,,,
l10n_ec.bank_67,COOPERATIVA DE AHORRO Y CREDITO COCA LTDA,Ecuador,QUITO Y BOLIVAR,OAOCECE1,,,,
l10n_ec.bank_68,COOPERATIVA DE AHORRO Y CREDITO VENCEDORES DE PICHINCHA LTDA CACVP,Ecuador,QUITO,CHDVECE1,,,,
l10n_ec.bank_69,COOPERATIVA DE AHORRO Y CREDITO SAN JOSE LTDA,Ecuador,CHIMBO,CSJSECE1,,,,
l10n_ec.bank_70,COOPERATIVA DE AHORRO Y CREDITO DEL EMIGRANTE ECUATORIANO Y SU FAMILIA LTDA,Ecuador,GUAYAQUIL,OAREECE1,,,,
l10n_ec.bank_71,COOPERATIVA DE AHORRO Y CREDITO CREDIL LTDA,Ecuador,SALCEDO,CHDLECE1,,,,
l10n_ec.bank_72,Coac Cuna De La Nacionalidad Ltda.,Ecuador,,259,,,,
l10n_ec.bank_73,COOPERATIVA DE AHORRO Y CREDITO MERCED LTDA,Ecuador,CUENCA,CSMDECE1,,,,
l10n_ec.bank_74,COOPERATIVA DE AHORRO Y CREDITO SANTA ISABEL LTDA,Ecuador,LOJA,OADSECE1,,,,
l10n_ec.bank_75,COOPERATIVA DE AHORRO Y CREDITO GANANSOL LTDA,Ecuador,GUALACEO,OARGECE1,,,,
l10n_ec.bank_76,COOPERATIVA DE AHORRO Y CREDITO DEL AZUAY,Ecuador,GUALACEO,CHCZECE1,,,,
l10n_ec.bank_77,COOPERATIVA DE AHORRO Y CREDITO COLEGIO DE INGENIEROS CIVILES DEL AZUAY C.I.C.A.,Ecuador,CUENCA,OHCCECE1,,,,
l10n_ec.bank_78,COOPERATIVA DE AHORRO Y CREDITO NUKA LLAKTA LTDA,Ecuador,RIOBAMBA,CHTKECE1,,,,
l10n_ec.bank_79,COOPERATIVA DE AHORRO Y CREDITO SANTA ANA LTDA,Ecuador,SANTA ANA,OHCTECE1,,,,
l10n_ec.bank_80,COOPERATIVA DE AHORRO Y CREDITO MULTIEMPRESARIAL,Ecuador,CUENCA,OHRLECE1,,,,
l10n_ec.bank_81,Coac Del Sindicato De Choferes Profesionales Del A,Ecuador,,269,,,,
l10n_ec.bank_82,COOPERATIVA DE AHORRO Y CREDITO JUAN DE SALINAS,Ecuador,SANGOLQUI,CJSLECE1,,,,
l10n_ec.bank_83,COOPERATIVA DE AHORRO Y CREDITO PUELLARO LTDA,Ecuador,QUITO,CRPUECE1,,,,
l10n_ec.bank_84,COOPERATIVA DE AHORRO Y CREDITO LA NUEVA JERUSALEN,Ecuador,QUITO,CDNJECE1,,,,
l10n_ec.bank_85,COOPERATIVA DE AHORRO Y CREDITO COOPROGRESO LTDA.,Ecuador,QUITO,CHCRECE1,,,,
l10n_ec.bank_86,COOPERATIVA DE AHORRO Y CREDITO CHOLA CUENCANA LTDA.,Ecuador,CUENCA,OAEHECE1,,,,
l10n_ec.bank_87,COOPERATIVA DE AHORRO Y CREDITO TENA LTDA,Ecuador,TENA,CTENECE1,,,,
l10n_ec.bank_88,COOPERATIVA DE AHORRO Y CREDITO DE LA PEQUENA EMPRESA GUALAQUIZA,Ecuador,GUALAQUIZA,CPEQECE1,,,,
l10n_ec.bank_89,COOPERATIVA DE AHORRO Y CREDITO ALIANZA MINAS LTDA,Ecuador,SAN JOSE DE MINAS,CAZMECE1,,,,
l10n_ec.bank_90,COOPERATIVA DE AHORRO Y CREDITO PEDRO MONCAYO LTDA,Ecuador,PEDRO MONCAYO,CPMYECE1,,,,
l10n_ec.bank_91,COOPERATIVA DE AHORRO Y CREDITO PUCARA LTDA,Ecuador,PASTOCALLE,OHCPECE1,,,,
l10n_ec.bank_92,COOPERATIVA DE AHORRO Y CREDITO SAN JOSE S.J.,Ecuador,CUENCA,CSJOECE1,,,,
l10n_ec.bank_93,COOPERATIVA DE AHORRO Y CREDITO SENOR DE GIRON,Ecuador,GIRON,CSOGECE1,,,,
l10n_ec.bank_94,COOPERATIVA DE AHORRO Y CREDITO EDUCADORES DE TUNGURAHUA LTDA,Ecuador,AMBATO,CETAECE1,,,,
l10n_ec.bank_95,COOPERATIVA DE AHORRO Y CREDITO 15 DE AGOSTO DE PILACOTO,Ecuador,LATACUNGA,CDRGECE1,,,,
l10n_ec.bank_96,COOPERATIVA DE AHORRO Y CREDITO CRISTO REY,Ecuador,LOJA,CRIYECE1,,,,
l10n_ec.bank_97,COOPERATIVA DE AHORRO Y CREDITO EDUCADORES PRIMARIOS DEL COTOPAXI,Ecuador,LATACUNGA,OACDECE1,,,,
l10n_ec.bank_98,COOPERATIVA DE AHORRO Y CREDITO MINGA LTDA,Ecuador,RIOBAMBA,CMINECE1,,,,
l10n_ec.bank_99,COOPERATIVA DE AHORRO Y CREDITO 4 DE OCTUBRE,Ecuador,PENIPE,CEOCECE1,,,,
l10n_ec.bank_100,COOPERATIVA DE AHORRO Y CREDITO CREDI FACIL LTDA,Ecuador,AMBATO,OHCIECE1,,,,
l10n_ec.bank_101,COOPERATIVA DE AHORRO Y CREDITO ALFONSO JARAMILLO LEON C.C.C,Ecuador,CUENCA,CFJLECE1,,,,
l10n_ec.bank_102,Coop. De A. Y C. Indigena Sac Pelileo,Ecuador,,297,,,,
l10n_ec.bank_103,COOPERATIVA DE AHORRO Y CREDITO INTERCULTURAL TAWANTINSUYU LTDA,Ecuador,AMBATO,OAOTECE1,,,,
l10n_ec.bank_104,Coop. De A. Y C. Ocipsa,Ecuador,,299,,,,
l10n_ec.bank_105,COOPERATIVA DE AHORRO Y CREDITO 21 DE NOVIEMBRE LTDA,Ecuador,AMBATO,CRTVECE1,,,,
l10n_ec.bank_106,COOPERATIVA DE AHORRO Y CREDITO LA FLORESTA LTDA,Ecuador,AMBATO,OAELECE1,,,,
l10n_ec.bank_107,COOPERATIVA DE AHORRO Y CREDITO DE LA CORP DE ORG. CAMPESINAS INDIGENAS DE QUISAPINCHA COCIQ,Ecuador,AMBATO,OAIOECE1,,,,
l10n_ec.bank_108,COOPERATIVA DE AHORRO Y CREDITO MULTICULTURAL INDIGENA LTDA,Ecuador,AMBATO,CHTMECE1,,,,
l10n_ec.bank_109,COOPERATIVA DE AHORRO Y CREDITO CRECER WINARI LTDA,Ecuador,AMBATO,OACCECE1,,,,
l10n_ec.bank_110,Coop. De A. Y C. Banos De Agua Santa Ltda.,Ecuador,,305,,,,
l10n_ec.bank_111,COOPERATIVA DE AHORRO Y CREDITO 1 DE JULIO,Ecuador,AMBATO,CORJECE1,,,,
l10n_ec.bank_112,COOPERATIVA DE AHORRO Y CREDITO SUMAK NAN LTDA.,Ecuador,AMBATO,CRTKECE1,,,,
l10n_ec.bank_113,COOPERATIVA DE AHORRO Y CREDITO CANAR LTDA,Ecuador,GUAYAQUIL,OADCECE1,,,,
l10n_ec.bank_114,COOPERATIVA DE AHORRO Y CREDITO SAN ANTONIO LTDA,Ecuador,IBARRA,OAESECE1,,,,
l10n_ec.bank_115,COOPERATIVA DE AHORRO Y CREDITO FONDO PARA EL DESARROLLO Y LA VIDA,Ecuador,QUITO,OHDFECE1,,,,
l10n_ec.bank_116,COOPERATIVA DE AHORRO Y CREDITO METROPOLIS LTDA,Ecuador,QUINSALOMA,OHDMECE1,,,,
l10n_ec.bank_117,COOPERATIVA DE AHORRO Y CREDITO EL CAFETAL,Ecuador,BABAHOYO,OHCFECE1,,,,
l10n_ec.bank_118,COOPERATIVA DE AHORRO Y CREDITO MICROEMPRESARIAL SUCRE,Ecuador,SUCRE,OHCMECE1,,,,
l10n_ec.bank_119,Coop. De A. Y C. Afroecuatoriana De La Peq. Emp. L,Ecuador,,315,,,,
l10n_ec.bank_120,COOPERATIVA DE AHORRO Y CREDITO JOYOCOTO LTDA,Ecuador,GUARANDA,CATJECE1,,,,
l10n_ec.bank_121,COOPERATIVA DE AHORRO Y CREDITO SAN ANTONIO LTDA,Ecuador,IBARRA,OAESECE1,,,,
l10n_ec.bank_122,COOPERATIVA DE AHORRO Y CREDITO UNIOTAVALO LTDA,Ecuador,OTAVALO,CHTVECE1,,,,
l10n_ec.bank_123,COOPERATIVA DE AHORRO Y CREDITO UNION EL EJIDO,Ecuador,COTACACHI,OAEIECE1,,,,
l10n_ec.bank_124,Coop. De A. Y C. Genesis Ltda.,Ecuador,,320,,,,
l10n_ec.bank_125,Coop. De A Y C. Maria Auxiliadora De Quiroga Ltda,Ecuador,,321,,,,
l10n_ec.bank_126,Coop. De A. Y C. Fortaleza,Ecuador,,322,,,,
l10n_ec.bank_127,BANCO FINCA S.A.,Ecuador,Quito,FCNCECE1,Av.Rio Amazonas N39-123,José Arizaga,170135,(02)2461660
l10n_ec.bank_128,COOPERATIVA DE AHORRO Y CREDITO CALCETA LTDA,Ecuador,CALCETA,OATEECE1,,,,
l10n_ec.bank_129,COOPERATIVA DE AHORRO Y CREDITO 9 DE OCTUBRE LTDA,Ecuador,SALCEDO,CHDTECE1,,,,
l10n_ec.bank_130,COOPERATIVA DE AHORRO Y CREDITO DE LA PEQUENA EMPRESA BIBLIAN LTDA,Ecuador,BIBLIAN,CPMBECE1,,,,
l10n_ec.bank_131,COOPERATIVA DE AHORRO Y CREDITO SAN GABRIEL LTDA,Ecuador,MONTUFAR,CSGAECE1,,,,
l10n_ec.bank_132,COOPERATIVA DE AHORRO Y CREDITO SAN JOSE LTDA,Ecuador,CHIMBO,CSJSECE1,,,,
l10n_ec.bank_133,COOPERATIVA DE AHORRO Y CREDITO SAN MIGUEL DE LOS BANCOS LTD,Ecuador,SAN MIGUEL DE LOS BANCOS,CSMNECE1,,,,
l10n_ec.bank_134,COOPERATIVA DE AHORRO Y CREDITO SEMILLA DEL PROGRESO LTDA,Ecuador,SARAGURO,CESGECE1,,,,
l10n_ec.bank_135,COOPERATIVA DE AHORRO Y CREDITO MUJERES UNIDAS,Ecuador,IBARRA,CDMUECE1,,,,
l10n_ec.bank_136,COOPERATIVA DE AHORRO Y CREDITO SANTA ROSA LTDA,Ecuador,SANTA ROSA,CHDNECE1,,,,
l10n_ec.bank_137,COOPERATIVA DE AHORRO Y CREDITO ONCE DE JUNIO,Ecuador,MACHALA,CHRNECE1,,,,
l10n_ec.bank_138,COOPERATIVA DE AHORRO Y CREDITO PUJILI LTDA.,Ecuador,PUJILI,CHTJECE1,,,,
l10n_ec.bank_139,COOPERATIVA DE AHORRO Y CREDITO CREDIL LTDA,Ecuador,SALCEDO,CHDLECE1,,,,
l10n_ec.bank_140,Coop. De A. Y C. Mushuk Pakari Ltda.,Ecuador,,339,,,,
l10n_ec.bank_141,COOPERATIVA DE AHORRO Y CREDITO UNIBLOCK Y SERVICIOS LTDA,Ecuador,LATACUNGA,CHDKECE1,,,,
l10n_ec.bank_142,COOPERATIVA DE AHORRO Y CREDITO SAN FERNANDO LTDA,Ecuador,AMBATO,OAEFECE1,,,,
l10n_ec.bank_143,COOPERATIVA DE AHORRO Y CREDITO FUTURO LAMANENSE,Ecuador,LA MANA,OHETECE1,,,,
l10n_ec.bank_144,COOPERATIVA DE AHORRO Y CREDITO SAQUISILI LTDA.,Ecuador,SAQUISILI,CRCQECE1,,,,
l10n_ec.bank_145,COOPERATIVA DE AHORRO Y CREDITO INNOVACION ANDINA LTDA.,Ecuador,LATACUNGA,OHCVECE1,,,,
l10n_ec.bank_146,COOPERATIVA DE AHORRO Y CREDITO COMERCIO LTDA,Ecuador,PORTOVIEJO,CHRCECE1,,,,
l10n_ec.bank_147,COOPERATIVA DE AHORRO Y CREDITO MUSHUKWASI,Ecuador,SARAGURO,CAEWECE1,,,,
l10n_ec.bank_148,COOPERATIVA DE AHORRO Y CREDITO SOLIDARIA LTDA,Ecuador,LOJA,OARSECE1,,,,
l10n_ec.bank_149,COOPERATIVA DE AHORRO Y CREDITO CREDIL LTDA,Ecuador,SALCEDO,CHDLECE1,,,,
l10n_ec.bank_150,Interdin S.A.,Ecuador,,349,,,,
l10n_ec.bank_151,COOPERATIVA DE AHORRO Y CREDITO DE LA PEQUENA EMPRESA CACPE LOJA LTDA,Ecuador,LOJA,CARQECE1,,,,
l10n_ec.bank_152,COOPERATIVA DE AHORRO Y CREDITO ECONOMIA DEL SUR ECOSUR,Ecuador,SARAGURO,OADEECE1,,,,
l10n_ec.bank_153,COOPERATIVA DE AHORRO Y CREDITO EL MIGRANTE SOLIDARIO,Ecuador,BIBLIAN,CHDGECE1,,,,
l10n_ec.bank_154,COOPERATIVA DE AHORRO Y CREDITO SAN JOSE LTDA,Ecuador,CHIMBO,CSJSECE1,,,,
l10n_ec.bank_155,COOPERATIVA DE AHORRO Y CREDITO DEL SINDICATO DE CHOFERES PROFESIONALES DEL AZUAY LTDA,Ecuador,CUENCA,OADTECE1,,,,
l10n_ec.bank_156,COOPERATIVA DE AHORRO Y CREDITO 23 DE ENERO,Ecuador,PUYANGO,OHREECE1,,,,
l10n_ec.bank_157,COOPERATIVA DE AHORRO Y CREDITO MUSHUK KAWSAY LTDA,Ecuador,QUITO,CAMWECE1,,,,
l10n_ec.bank_158,COOPERATIVA DE AHORRO Y CREDITO MUSHUC RUNA LTDA,Ecuador,AMBATO,CMRUECE1,,,,
l10n_ec.bank_159,COOPERATIVA DE AHORRO Y CREDITO SAN MARCOS,Ecuador,AZOGUES,OACSECE1,,,,
l10n_ec.bank_160,COOPERATIVA DE AHORRO Y CREDITO ANTORCHA LTDA.,Ecuador,ESMERALDAS,OARHECE1,,,,
l10n_ec.bank_161,COOPERATIVA DE AHORRO Y CREDITO SOCIO AMIGO COOPSA,Ecuador,MARCABELI,OAEOECE1,,,,
l10n_ec.bank_162,COOPERATIVA DE AHORRO Y CREDITO INDIGENAS GALAPAGOS LTDA.,Ecuador,SANTA CRUZ,OHRGECE1,,,,
l10n_ec.bank_163,COOPERATIVA DE AHORRO Y CREDITO CAMARA DE COMERCIODEL CANTON EL CARMEN LTDA,Ecuador,EL CARMEN,OAERECE1,,,,
l10n_ec.bank_164,COOPERATIVA DE AHORRO Y CREDITO LA BENEFICA LTDA,Ecuador,EL CARMEN,CHEFECE1,,,,
l10n_ec.bank_165,COOPERATIVA DE AHORRO Y CREDITO ABDON CALDERON LTDA,Ecuador,PORTOVIEJO,OACBECE1,,,,
l10n_ec.bank_166,COOPERATIVA DE AHORRO Y CREDITO CAMARA DE COMERCIODEL CANTON EL CARMEN LTDA,Ecuador,EL CARMEN,OAERECE1,,,,
l10n_ec.bank_167,COOPERATIVA DE AHORRO Y CREDITO CACPE MANABI,Ecuador,PORTOVIEJO,OACPECE1,,,,
l10n_ec.bank_168,COOPERATIVA DE AHORRO Y CREDITO LA INMACULADA DE SAN PLACIDO LTDA,Ecuador,PORTOVIEJO,OAIIECE1,,,,
l10n_ec.bank_169,COOPERATIVA DE AHORRO Y CREDITO CACPE MANABI,Ecuador,PORTOVIEJO,OACPECE1,,,,
l10n_ec.bank_170,COOPERATIVA DE AHORRO Y CREDITO MAGISTERIO MANABITA LIMITADA,Ecuador,PORTOVIEJO,OACIECE1,,,,
l10n_ec.bank_171,Coac Tienda De Dinero Ltda.,Ecuador,,370,,,,
l10n_ec.bank_172,COOPERATIVA DE AHORRO Y CREDITO SANTA MARIA DE LA MANGA DEL CURA LTDA.,Ecuador,PUERTO BAQUERIZO MORENO,OHRTECE1,,,,
l10n_ec.bank_173,COOPERATIVA DE AHORRO Y CREDITO CAMARA DE COMERCIO DE LOJA,Ecuador,LOJA,OHERECE1,,,,
l10n_ec.bank_174,COOPERATIVA DE AHORRO Y CREDITO GUAMOTE LTDA,Ecuador,GUAMOTE,OATMECE1,,,,
l10n_ec.bank_175,COOPERATIVA DE AHORRO Y CREDITO PRODUCCION AHORRO INVERSION SERVICIO P.A.I.S. LTDA,Ecuador,RIOBAMBA,OARRECE1,,,,
l10n_ec.bank_176,Coop. De A. Y C. Frandesc Ltda.,Ecuador,,383,,,,
l10n_ec.bank_177,COOPERATIVA DE AHORRO Y CREDITO NUKA LLAKTA LTDA,Ecuador,RIOBAMBA,CHTKECE1,,,,
l10n_ec.bank_178,COOPERATIVA DE AHORRO Y CREDITO CAMARA DE COMERCIO DE RIOBAMBA LTDA,Ecuador,RIOBAMBA,OADBECE1,,,,
l10n_ec.bank_179,COOPERATIVA DE AHORRO Y CREDITO BASHALAN LTDA,Ecuador,RIOBAMBA,COOHECE1,,,,
l10n_ec.bank_180,COOPERATIVA DE AHORRO Y CREDITO CAMARA DE COMERCIO DE SANTO DOMINGO,Ecuador,SANTO DOMINGO,OARAECE1,,,,
l10n_ec.bank_181,COOPERATIVA DE AHORRO Y CREDITO EDUCADORES TULCAN LTDA.,Ecuador,TULCAN,OARDECE1,,,,
l10n_ec.bank_182,Coop. Warmikunapak Rikchari,Ecuador,,400,,,,
l10n_ec.bank_183,COOPERATIVA DE AHORRO Y CREDITO MI TIERRA,Ecuador,PELILEO,CMTRECE1,,,,
l10n_ec.bank_184,COOPERATIVA DE AHORRO Y CREDITO DE LA PEQUENA EMPRESA CACPE YANTZAZA LTDA,Ecuador,YANTZAZA,CAIQECE1,,,,
l10n_ec.bank_185,COOPERATIVA DE AHORRO Y CREDITO FONDO PARA EL DESARROLLO Y LA VIDA,Ecuador,QUITO,OHDFECE1,,,,
l10n_ec.bank_186,Caja Ecuaespana,Ecuador,,406,,,,
l10n_ec.bank_187,COOPERATIVA DE AHORRO Y CREDITO NUEVA HUANCAVILCA,Ecuador,LA LIBERTAD,CNHCECE1,,,,
l10n_ec.bank_188,COOPERATIVA DE AHORRO Y CREDITO ERCO LTDA,Ecuador,CUENCA,CEORECE1,,,,
l10n_ec.bank_189,COOPERATIVA DE AHORRO Y CREDITO CAMARA DE COMERCIO DE AMBATO LTDA,Ecuador,AMBATO,CMCOECE1,,,,
l10n_ec.bank_190,COOPERATIVA DE AHORRO Y CREDITO MUSHUC RUNA LTDA,Ecuador,AMBATO,CMRUECE1,,,,
l10n_ec.bank_191,COOPERATIVA DE AHORRO Y CREDITO AMBATO LTDA,Ecuador,AMBATO,CDCAECE1,,,,
l10n_ec.bank_192,COOPERATIVA DE AHORRO Y CREDITO DORADO LTDA,Ecuador,AMBATO,CRODECE1,,,,
l10n_ec.bank_193,COOPERATIVA DE AHORRO Y CREDITO CREDIL LTDA,Ecuador,SALCEDO,CHDLECE1,,,,
l10n_ec.bank_194,COOPERATIVA DE AHORRO Y CREDITO ARTESANOS LTDA,Ecuador,IBARRA,CDASECE1,,,,
l10n_ec.bank_195,COOPERATIVA DE AHORRO Y CREDITO SANTA ANITA LTDA,Ecuador,COTACACHI,CDSAECE1,,,,
l10n_ec.bank_196,COOPERATIVA DE AHORRO Y CREDITO HUAQUILLAS LTDA,Ecuador,HUAQUILLAS,CHDQECE1,,,,
l10n_ec.bank_197,Coop Manuel Esteban Godoy Ortega Ltda Coopmego,Ecuador,,420,,,,
l10n_ec.bank_198,COOPERATIVA DE AHORRO Y CREDITO PADRE JULIAN LORENTE LTDA,Ecuador,LOJA,CHRPECE1,,,,
l10n_ec.bank_199,COOPERATIVA DE AHORRO Y CREDITO CARIAMANGA LTDA,Ecuador,CALVAS,OARMECE1,,,,
l10n_ec.bank_200,COOPERATIVA DE AHORRO Y CREDITO MARCABELI LTDA,Ecuador,MARCABELI,CHTBECE1,,,,
l10n_ec.bank_201,COOPERATIVA DE AHORRO Y CREDITO AGRICOLA JUNIN,Ecuador,JUNIN,OACRECE1,,,,
l10n_ec.bank_202,COOPERATIVA DE AHORRO Y CREDITO PUERTO LOPEZ LTDA,Ecuador,PUERTO LOPEZ,OACUECE1,,,,
l10n_ec.bank_203,COOPERATIVA DE AHORRO Y CREDITO NUEVA ESPERANZA LTDA,Ecuador,RIOBAMBA,CNESECE1,,,,
l10n_ec.bank_204,COOPERATIVA DE AHORRO Y CREDITO SAN JORGE LTDA,Ecuador,RIOBAMBA,CSJGECE1,,,,
l10n_ec.bank_205,COOPERATIVA DE AHORRO Y CREDITO FERNANDO DAQUILEMA,Ecuador,RIOBAMBA,CHCFECE1,,,,
l10n_ec.bank_206,COOPERATIVA DE AHORRO Y CREDITO EDUCADORES DE PASTAZA LTDA,Ecuador,PUYO,OARUECE1,,,,
l10n_ec.bank_207,Coop. A. Y C. De La Peq. Emp. Cacpe Zamora Ltda,Ecuador,,450,,,,
l10n_ec.bank_208,Coop. De A. Y C. Desarrollo Integral Ltda,Ecuador,,451,,,,
l10n_ec.bank_209,COOPERATIVA DE AHORRO Y CREDITO EL CALVARIO LTDA,Ecuador,TISALEO,OARVECE1,,,,
l10n_ec.bank_210,COOPERATIVA DE AHORRO Y CREDITO JUAN PIO DE MORA LTDA,Ecuador,SAN MIGUEL,CAEJECE1,,,,
l10n_ec.bank_211,COOPERATIVA DE AHORRO Y CREDITO PILAHUIN,Ecuador,SALCEDO,CAOHECE1,,,,
l10n_ec.bank_212,COOPERATIVA DE AHORRO Y CREDITO PUCARA LTDA,Ecuador,PASTOCALLE,OHCPECE1,,,,
l10n_ec.bank_213,COOPERATIVA DE AHORRO Y CREDITO CAMARA DE COMERCIO DE LOJA,Ecuador,LOJA,OHERECE1,,,,
l10n_ec.bank_214,INSTITUTO ECUATORIANO DE SEGURIDAD SOCIAL (IESS),Ecuador,QUITO,IESSECE1,,,,
l10n_ec.bank_215,COOPERATIVA DE AHORRO Y CREDITO DE LOS SERVIDORES PUBLICOS DEL MINISTERIO DE EDUCACION Y CULTURA,Ecuador,QUITO,OAIVECE1,,,,
l10n_ec.bank_216,COOPERATIVA DE AHORRO Y CREDITO 23 DE MAYO LTDA,Ecuador,QUITO,CHCYECE1,,,,
l10n_ec.bank_217,COOPERATIVA DE AHORRO Y CREDITO COCA LTDA,Ecuador,QUITO Y BOLIVAR,OAOCECE1,,,,
l10n_ec.bank_218,COOPERATIVA DE AHORRO Y CREDITO PILAHUIN TIO LTDA,Ecuador,OTAVALO,CRIHECE1,,,,
l10n_ec.bank_219,COOPERATIVA DE AHORRO Y CREDITO HUAICANA LTDA,Ecuador,QUITO,CRTHECE1,,,,
l10n_ec.bank_220,Coop De A Y C Credisur Ltda,Ecuador,,468,,,,
l10n_ec.bank_221,Fondo De Cesantia Del Magisterio Ecuat Fcme-Fcpc,Ecuador,,469,,,,
l10n_ec.bank_222,COOPERATIVA DE AHORRO Y CREDITO HUAQUILLAS LTDA,Ecuador,HUAQUILLAS,CHDQECE1,,,,
l10n_ec.bank_223,Coop De A Y C Banos Ltda,Ecuador,,472,,,,
l10n_ec.bank_224,COOPERATIVA DE AHORRO Y CREDITO CACPE CELICA,Ecuador,CELICA,OATPECE1,,,,
l10n_ec.bank_225,COOPERATIVA DE AHORRO Y CREDITO VENCEDORES DE TUNGURAHUA LTDA,Ecuador,AMBATO,OADVECE1,,,,
l10n_ec.bank_226,COOPERATIVA DE AHORRO Y CREDITO ECUAFUTURO LTDA,Ecuador,AMBATO,OAIUECE1,,,,
l10n_ec.bank_227,COOPERATIVA DE AHORRO Y CREDITO MAQUITA CUSHUN LTDA,Ecuador,AMBATO,CHRQECE1,,,,
l10n_ec.bank_228,COOPERATIVA DE AHORRO Y CREDITO VALLES DEL LIRIO AICEP,Ecuador,AMBATO,OATVECE1,,,,
l10n_ec.bank_229,COOPERATIVA DE AHORRO Y CREDITO ESFUERZO UNIDO PARA EL DESARROLLO DEL CHILCO LA ESPERANZA LTDA,Ecuador,TISALEO,CHEZECE1,,,,
l10n_ec.bank_230,Coop A Y C Carroceros De Tungurahua,Ecuador,,480,,,,
l10n_ec.bank_231,COOPERATIVA DE AHORRO Y CREDITO SIMIATUG LIMITADA,Ecuador,GUARANDA,OAITECE1,,,,
l10n_ec.bank_232,COOPERATIVA DE AHORRO Y CREDITO SINCHI RUNA LTDA,Ecuador,SAQUISILI,CRCHECE1,,,,
l10n_ec.bank_233,COOPERATIVA DE AHORRO Y CREDITO SANTA ROSA DE PATUTAN LTDA,Ecuador,LATACUNGA,OATSECE1,,,,
l10n_ec.bank_234,COOPERATIVA DE AHORRO Y CREDITO SAN MIGUEL DE SIGCHOS,Ecuador,SIGCHOS,OAOSECE1,,,,
l10n_ec.bank_235,COOPERATIVA DE AHORRO Y CREDITO SIERRA CENTRO LTDA,Ecuador,LATACUNGA,OAOIECE1,,,,
l10n_ec.bank_236,COOPERATIVA DE AHORRO Y CREDITO GONZANAMA,Ecuador,GONZANAMA,CHRZECE1,,,,
l10n_ec.bank_237,COOPERATIVA DE AHORRO Y CREDITO QUILANGA LTDA,Ecuador,QUILANGA,CHCQECE1,,,,
l10n_ec.bank_238,COOPERATIVA DE AHORRO Y CREDITO 27 DE ABRIL,Ecuador,LOJA,OATAECE1,,,,
l10n_ec.bank_239,Coop De A Y C Crediamigo Ltda Loja Mies,Ecuador,,489,,,,
l10n_ec.bank_240,COOPERATIVA DE AHORRO Y CREDITO DE LA MICROEMPRESAFORTUNA,Ecuador,LOJA,OAIPECE1,,,,
l10n_ec.bank_241,Coop A Y C Profesionales Del Volante Union Ltda,Ecuador,,491,,,,
l10n_ec.bank_242,COOPERATIVA DE AHORRO Y CREDITO CACPE CELICA,Ecuador,CELICA,OATPECE1,,,,
l10n_ec.bank_243,COOPERATIVA DE AHORRO Y CREDITO FUTURO Y PROGRESO DE GALAPAGOS,Ecuador,SANTA CRUZ,OATFECE1,,,,
l10n_ec.bank_244,COOPERATIVA DE AHORRO Y CREDITO SUMAC LLACTA LTDA,Ecuador,RIOBAMBA,OAEMECE1,,,,
l10n_ec.bank_245,COOPERATIVA DE AHORRO Y CREDITO LUCHA CAMPESINA,Ecuador,CUMANDA,CREHECE1,,,,
l10n_ec.bank_246,COOPERATIVA DE AHORRO Y CREDITO MAQUITA CUSHUNCHIC LTDA,Ecuador,QUITO,CHOQECE1,,,,
l10n_ec.bank_247,COOPERATIVA DE AHORRO Y CREDITO FOCLA,Ecuador,LAGO AGRIO,CHDFECE1,,,,
l10n_ec.bank_248,COOPERATIVA DE AHORRO Y CREDITO CASAG,Ecuador,QUITO,CHRGECE1,,,,
l10n_ec.bank_249,BANCO D-MIRO S.A.,Ecuador,Guayaquil,DMIRECE1,Coop. Américo Vespucio 2,"A, Solar 8, Vía Perimetral Km",,(04)3700500
l10n_ec.bank_250,Coop De A Y C General Ruminahui,Ecuador,,501,,,,
l10n_ec.bank_251,COOPERATIVA DE AHORRO Y CREDITO MULTICULTURAL INDIGENA LTDA,Ecuador,AMBATO,CHTMECE1,,,,
l10n_ec.bank_252,COOPERATIVA DE AHORRO Y CREDITO 20 DE FEBRERO LTDA.,Ecuador,QUITO,CHOBECE1,,,,
l10n_ec.bank_253,Coop De A Y C Del Col. Fisc. Vicente Rocafuerte,Ecuador,,504,,,,
l10n_ec.bank_254,COOPERATIVA DE AHORRO Y CREDITO JADAN,Ecuador,GUALACEO,CCHEECE1,,,,
l10n_ec.bank_255,Coop De A Y C Inka Kipu Ltda,Ecuador,,509,,,,
l10n_ec.bank_256,COOPERATIVA DE AHORRO Y CREDITO ACCION TUNGURAHUA LTDA.,Ecuador,AMBATO,OAEAECE1,,,,
l10n_ec.bank_257,COOPERATIVA DE AHORRO Y CREDITO PIJAL,Ecuador,OTAVALO,CHDJECE1,,,,
l10n_ec.bank_258,COOPERATIVA DE AHORRO Y CREDITO ESCENCIA INDIGENA LTDA,Ecuador,IBARRA,OACEECE1,,,,
l10n_ec.bank_259,COOPERATIVA DE AHORRO Y CREDITO MERCED LTDA,Ecuador,CUENCA,CSMDECE1,,,,
l10n_ec.bank_260,Coop De A Y C Catamayo Ltda,Ecuador,,514,,,,
l10n_ec.bank_261,COOPERATIVA DE AHORRO Y CREDITO DE LA PEQUENA EMPRESA CACPE MACARA,Ecuador,LOJA,CODQECE1,,,,
l10n_ec.bank_262,COOPERATIVA DE AHORRO Y CREDITO EDUCADORES DE EL ORO LTDA,Ecuador,MACHALA,OADOECE1,,,,
l10n_ec.bank_263,BANCO COOPNACIONAL S.A.,Ecuador,Guayaquil,CPOCECE1,Capitán Nájera 4210,La 14 ava,,(04)3709820
l10n_ec.bank_264,COOPERATIVA DE AHORRO Y CREDITO 16 DE JUNIO,Ecuador,MACHALA,CHCJECE1,,,,
l10n_ec.bank_265,COOPERATIVA DE AHORRO Y CREDITO CACPE MANABI,Ecuador,PORTOVIEJO,OACPECE1,,,,
l10n_ec.bank_266,COOPERATIVA DE AHORRO Y CREDITO FASAYNAN LTDA,Ecuador,CHORDELEG,CHRYECE1,,,,
l10n_ec.bank_267,Coop Cacique Guritave,Ecuador,,546,,,,
l10n_ec.bank_268,COOPERATIVA DE AHORRO Y CREDITO SOLIDARIDAD Y PROGRESO ORIENTAL,Ecuador,AZOGUES,CRTDECE1,,,,
l10n_ec.bank_269,COOPERATIVA DE AHORRO Y CREDITO LOS ANDES LATINOS LTDA,Ecuador,GUAYAQUIL,OATLECE1,,,,
l10n_ec.bank_270,COOPERATIVA DE AHORRO Y CREDITO COOPAC AUSTRO LTDA,Ecuador,CUENCA,OADPECE1,,,,
l10n_ec.bank_271,COOPERATIVA DE AHORRO Y CREDITO SALASACA,Ecuador,SAN PEDRO DE PELILEO,OARLECE1,,,,
l10n_ec.bank_272,COOPERATIVA DE AHORRO Y CREDITO SUMAK SAMY LTDA,Ecuador,AMBATO,CORKECE1,,,,
l10n_ec.bank_273,COOPERATIVA DE AHORRO Y CREDITO INTERCULTURAL TARPUK RUNA LTDA,Ecuador,AMBATO,OADIECE1,,,,
l10n_ec.bank_274,COOPERATIVA DE AHORRO Y CREDITO VIRGEN DEL CISNE,Ecuador,LATACUNGA,CRDVECE1,,,,
l10n_ec.bank_275,COOPERATIVA DE AHORRO Y CREDITO EDUCADORES DE ZAMORA CHINCHIPE LTDA,Ecuador,ZAMORA,OADDECE1,,,,
l10n_ec.bank_276,COOPERATIVA DE AHORRO Y CREDITO LAS LAGUNAS,Ecuador,SARAGURO,OAIGECE1,,,,
l10n_ec.bank_277,COOPERATIVA DE AHORRO Y CREDITO EDUCADORES DE EL ORO LTDA,Ecuador,MACHALA,OADOECE1,,,,
l10n_ec.bank_278,COOPERATIVA DE AHORRO Y CREDITO DORADO LTDA,Ecuador,AMBATO,CRODECE1,,,,
l10n_ec.bank_279,COOPERATIVA DE AHORRO Y CREDITO RIOCHICO,Ecuador,PORTOVIEJO,CHEHECE1,,,,
l10n_ec.bank_280,COOPERATIVA DE AHORRO Y CREDITO SAN MARTIN DE TISALEO LTDA,Ecuador,TISALEO,OAINECE1,,,,
l10n_ec.bank_281,Coop. De A. Y C. Alli Tarpuc Ltda.,Ecuador,,581,,,,
l10n_ec.bank_282,COOPERATIVA DE AHORRO Y CREDITO SAN MIGUEL DE PALLATANGA,Ecuador,SAN MIGUEL,OHRNECE1,,,,
l10n_ec.bank_283,Coop De A Y C Fenix,Ecuador,,590,,,,
l10n_ec.bank_284,COOPERATIVA DE AHORRO Y CREDITO CAMARA DE COMERCIO DE LOJA,Ecuador,LOJA,OHERECE1,,,,
l10n_ec.bank_285,Coop.De A. Y C. De Crecimiento Economico Rentable,Ecuador,,592,,,,
l10n_ec.bank_286,COOPERATIVA DE AHORRO Y CREDITO CREDIL LTDA,Ecuador,SALCEDO,CHDLECE1,,,,
l10n_ec.bank_287,Coop.De A. Y C. Popular Y Solidaria,Ecuador,,594,,,,
l10n_ec.bank_288,COOPERATIVA DE AHORRO Y CREDITO LA INMACULADA DE SAN PLACIDO LTDA,Ecuador,PORTOVIEJO,OAIIECE1,,,,
l10n_ec.bank_289,COOPERATIVA DE AHORRO Y CREDITO CIUDAD DE ZAMORA,Ecuador,ZAMORA,OHRUECE1,,,,
l10n_ec.bank_290,Coop. De A Y C De La Pequena Empresa De Palora,Ecuador,,597,,,,
l10n_ec.bank_291,COOPERATIVA DE AHORRO Y CREDITO INDIGENA ALFA Y OMEGA LTDA,Ecuador,QUITO,OATNECE1,,,,
l10n_ec.bank_292,COOPERATIVA DE AHORRO Y CREDITO CREA LTDA.,Ecuador,CUENCA,OAORECE1,,,,
l10n_ec.bank_293,COOPERATIVA DE AHORRO Y CREDITO CHIBULEO LTDA,Ecuador,AMBATO,CROHECE1,,,,
l10n_ec.bank_294,COOPERATIVA DE AHORRO Y CREDITO EL TESORO PILLARENO,Ecuador,PILLARO,OATTECE1,,,,
l10n_ec.bank_295,COOPERATIVA DE AHORRO Y CREDITO KISAPINCHA LTDA,Ecuador,AMBATO,COEKECE1,,,,
l10n_ec.bank_296,COOPERATIVA DE AHORRO Y CREDITO JUVENTUD UNIDA LTDA,Ecuador,AMBATO,CHRJECE1,,,,
l10n_ec.bank_297,COOPERATIVA DE AHORRO Y CREDITO UNION QUISAPINCHA LTDA,Ecuador,AMBATO,OAOUECE1,,,,
l10n_ec.bank_298,COOPERATIVA DE AHORRO Y CREDITO 13 DE ABRIL,Ecuador,VENTANAS,OATBECE1,,,,
l10n_ec.bank_299,Coop. De A. Y C. Salinas Ltda.,Ecuador,,610,,,,
l10n_ec.bank_300,COOPERATIVA DE AHORRO Y CREDITO SAN PEDRO LTDA,Ecuador,GUARANDA,OAOAECE1,,,,
l10n_ec.bank_301,COOPERATIVA DE AHORRO Y CREDITO LOS CHASQUIS PASTOCALLE LTDA,Ecuador,LATACUNGA,CHTQECE1,,,,
l10n_ec.bank_302,Coop. De A. Y C. Coopindigena Ltda.,Ecuador,,613,,,,
l10n_ec.bank_303,Coop. De A. Y C. La Union Ltda.,Ecuador,,614,,,,
l10n_ec.bank_304,COOPERATIVA DE AHORRO Y CREDITO PADRE VICENTE PONCE RUBIO,Ecuador,TULCAN,OAODECE1,,,,
l10n_ec.bank_305,Coop. De A. Y C. Mushug Causay Ltda.,Ecuador,,633,,,,
l10n_ec.bank_306,Coop. De A. Y C. 29 De Agosto,Ecuador,,634,,,,
l10n_ec.bank_307,COOPERATIVA DE AHORRO Y CREDITO CREDISOCIO,Ecuador,SANTO DOMINGO,OHEDECE1,,,,
l10n_ec.bank_308,COOPERATIVA DE AHORRO Y CREDITO FONDO PARA EL DESARROLLO Y LA VIDA,Ecuador,QUITO,OHDFECE1,,,,
l10n_ec.bank_309,COOPERATIVA DE AHORRO Y CREDITO NUEVA VISION,Ecuador,QUITO,OAOVECE1,,,,
l10n_ec.bank_310,COOPERATIVA DE AHORRO Y CREDITO FOCAP,Ecuador,LAGO AGRIO,OHRFECE1,,,,
l10n_ec.bank_311,Coop. De A. Y C. San Vicente Del Sur Ltda.,Ecuador,,676,,,,
l10n_ec.bank_312,COOPERATIVA DE AHORRO Y CREDITO PARA LA VIVIENDA ORDEN Y SEGURIDAD,Ecuador,QUITO,OHRVECE1,,,,
l10n_ec.bank_313,COOPERATIVA DE AHORRO Y CREDITO CAMARA DE COMERCIO JOYA DE LOS SACHAS LTDA,Ecuador,JOYA DE LOS SACHAS,OHRMECE1,,,,
l10n_ec.bank_314,COOPERATIVA DE AHORRO Y CREDITO FOCAP,Ecuador,LAGO AGRIO,OHRFECE1,,,,
l10n_ec.bank_315,Coop. De A. Y C. 18 De Noviembre,Ecuador,,680,,,,
l10n_ec.bank_316,COOPERATIVA DE AHORRO Y CREDITO DR CORNELIO SAENZ VERA LTDA,Ecuador,GUAYAQUIL,OHDCECE1,,,,
l10n_ec.bank_317,COOPERATIVA DE AHORRO Y CREDITO EDUCADORES DEL AZUAY LTDA,Ecuador,CUENCA,OHEUECE1,,,,
l10n_ec.bank_318,COOPERATIVA DE AHORRO Y CREDITO MULTICULTURAL INDIGENA LTDA,Ecuador,AMBATO,CHTMECE1,,,,
l10n_ec.bank_319,COOPERATIVA DE AHORRO Y CREDITO CREDI YA LTDA,Ecuador,AMBATO,OHECECE1,,,,
l10n_ec.bank_320,Coop. De A. Y C. San Bartolome Ltda,Ecuador,,685,,,,
l10n_ec.bank_321,COOPERATIVA DE AHORRO Y CREDITO MUSHUKWASI,Ecuador,SARAGURO,CAEWECE1,,,,
l10n_ec.bank_322,Coop De A. Y C. Sisay Kanari,Ecuador,,687,,,,
l10n_ec.bank_323,COOPERATIVA DE AHORRO Y CREDITO ACCION IMBABURAPAK LTDA.,Ecuador,OTAVALO,CPHCECE1,,,,
l10n_ec.bank_324,COOPERATIVA DE AHORRO Y CREDITO HERMES GAIBOR VERDESOTO,Ecuador,LATACUNGA,OADHECE1,,,,
l10n_ec.bank_325,Coop. De A. Y C. Semillas De Pangua,Ecuador,,690,,,,
l10n_ec.bank_326,COOPERATIVA DE AHORRO Y CREDITO MUSHUKWASI,Ecuador,SARAGURO,CAEWECE1,,,,
l10n_ec.bank_327,Coop De A. Y C. Panamericana Ltda,Ecuador,,692,,,,
l10n_ec.bank_328,Coop. De A. Y C. Vilcabamba Cacvil,Ecuador,,693,,,,
l10n_ec.bank_329,COOPERATIVA DE AHORRO Y CREDITO FAMILIA SOLIDARIA,Ecuador,MACHALA,OHEFECE1,,,,
l10n_ec.bank_330,COOPERATIVA DE AHORRO Y CREDITO EL PARAISO MANGA DEL CURA,Ecuador,EL CARMEN,OHEPECE1,,,,
l10n_ec.bank_331,Coac De Los Profesores Empleados Y Trabajadores De,Ecuador,,696,,,,
l10n_ec.bank_332,Coac. Santa Rosa De San Carlos Ltda.,Ecuador,,697,,,,
l10n_ec.bank_333,Coop. De A. Y C. Constructor Del Desarrollo Solida,Ecuador,,698,,,,
l10n_ec.bank_334,Coop De A. Y C. Mushuk Yuyay Ltda,Ecuador,,699,,,,
l10n_ec.bank_335,Corporacion Financiera,Ecuador,,700,,,,
l10n_ec.bank_336,Coop. De A. Y C. Alianza Social Ecu. Alsec,Ecuador,,701,,,,
l10n_ec.bank_337,Coop. De A. Y C. Renovadora Ecu,Ecuador,,702,,,,
l10n_ec.bank_338,Coop. De A. Y C. Mushuk Yuyay - Napo,Ecuador,,703,,,,
l10n_ec.bank_339,COOPERATIVA DE AHORRO Y CREDITO SANTA ANA LTDA,Ecuador,SANTA ANA,OHCTECE1,,,,
l10n_ec.bank_340,Coop. De A. Y C. Educadores Del Napo,Ecuador,,705,,,,
l10n_ec.bank_341,Cooperativa De A. Y C. Textil 14 De Marzo,Ecuador,,706,,,,
l10n_ec.bank_342,Coop. De A Y C San Carlos Ltda.,Ecuador,,707,,,,
l10n_ec.bank_343,Coac A Y C Esperanza De Valle De La Virgen Ltda.,Ecuador,,708,,,,
l10n_ec.bank_344,Coac A Y C Zona De Capital Corcimol,Ecuador,,709,,,,
l10n_ec.bank_345,Coop.De A. Y C. Artesanal Del Azuay,Ecuador,,710,,,,
l10n_ec.bank_346,COOPERATIVA DE AHORRO Y CREDITO SUMAK SAMY LTDA,Ecuador,AMBATO,CORKECE1,,,,
l10n_ec.bank_347,Coop. De A. Y C. Rey David Ltda,Ecuador,,712,,,,
l10n_ec.bank_348,Coop. De A. Y C. Kullki Wasi Ltda.,Ecuador,,713,,,,
l10n_ec.bank_349,COOPERATIVA DE AHORRO Y CREDITO SINCHI RUNA LTDA,Ecuador,SAQUISILI,CRCHECE1,,,,
l10n_ec.bank_350,Coop. De A. Y C. Fuerza De Los Andes,Ecuador,,715,,,,
l10n_ec.bank_351,Coop De A. Y C. Camino De Luz Ltda.,Ecuador,,716,,,,
l10n_ec.bank_352,Coac A Y C Educadores De Bolivar,Ecuador,,717,,,,
l10n_ec.bank_353,Coac San Miguel Ltda.,Ecuador,,718,,,,
l10n_ec.bank_354,Coop. De A. Y C. Salinerita,Ecuador,,719,,,,
l10n_ec.bank_355,Coop. De A. Y C. Bola Amarilla,Ecuador,,720,,,,
l10n_ec.bank_356,Coop A Y C Vision De Los Andes Visandes,Ecuador,,721,,,,
l10n_ec.bank_357,Coop. De A. Y C. Senor Del Arbol,Ecuador,,722,,,,
l10n_ec.bank_358,COOPERATIVA DE AHORRO Y CREDITO CAMARA DE COMERCIO DE LOJA,Ecuador,LOJA,OHERECE1,,,,
l10n_ec.bank_359,Coop De A. Y C. Educadores De Loja,Ecuador,,725,,,,
l10n_ec.bank_360,Coop De A. Y C. Indigena Sac Latacunga Ltda,Ecuador,,726,,,,
l10n_ec.bank_361,COOPERATIVA DE AHORRO Y CREDITO GONZANAMA,Ecuador,GONZANAMA,CHRZECE1,,,,
l10n_ec.bank_362,Coac Coopymec Macara,Ecuador,,728,,,,
l10n_ec.bank_363,Coac Cadecom Macara,Ecuador,,729,,,,
l10n_ec.bank_364,Coop De A. Y C. 22 De Junio-Orianga,Ecuador,,730,,,,
l10n_ec.bank_365,Coop. A.Yc.Sagrada Familia Solidaridad,Ecuador,,732,,,,
l10n_ec.bank_366,Coop. De A. Y C. Naupa Kausay,Ecuador,,733,,,,
l10n_ec.bank_367,Ccop A Y C De Apecap Cac Apecap,Ecuador,,734,,,,
l10n_ec.bank_368,COOPERATIVA DE AHORRO Y CREDITO SAN JUAN DE COTOGCHOA,Ecuador,RUMINAHUI,CADJECE1,,,,
l10n_ec.bank_369,COOPERATIVA DE AHORRO Y CREDITO MERCED LTDA,Ecuador,CUENCA,CSMDECE1,,,,
l10n_ec.bank_370,Coop. De A. Y C. Cooptopaxi Ltda.,Ecuador,,338,,,,
l10n_ec.bank_371,Coop. De A. Y C. Grameen Amazonas,Ecuador,,620,,,,
l10n_ec.bank_372,Coop. De A. Y C. El Transportista Cacet,Ecuador,,621,,,,
l10n_ec.bank_373,COOPERATIVA DE AHORRO Y CREDITO SERVIDORES MUNICIPALES DE CUENCA,Ecuador,CUENCA,OAOEECE1,,,,
l10n_ec.bank_374,COOPERATIVA DE AHORRO Y CREDITO COOPROGRESO LTDA.,Ecuador,QUITO,CHCRECE1,,,,
l10n_ec.bank_375,COOPERATIVA DE AHORRO Y CREDITO ILINIZA LTDA,Ecuador,LATACUNGA,CAIZECE1,,,,
l10n_ec.bank_376,COOPERATIVA DE AHORRO Y CREDITO SARAGUROS,Ecuador,SARAGURO,CHOGECE1,,,,
l10n_ec.bank_377,COOPERATIVA DE AHORRO Y CREDITO INTI WASI LTDA INTICOOP,Ecuador,SARAGURO,CHTTECE1,,,,
l10n_ec.bank_378,COOPERATIVA DE AHORRO Y CREDITO SAN ISIDRO LTDA,Ecuador,SUCRE,OARNECE1,,,,
l10n_ec.bank_379,COOPERATIVA DE AHORRO Y CREDITO EMPRENDEDORES COOPEMPRENDER LIMITADA,Ecuador,QUITO,OAEEECE1,,,,
l10n_ec.bank_380,Silvercross S.A Casa De Valores Sccv,Ecuador,,723,,,,
l10n_ec.bank_381,BOLSA DE VALORES DE GUAYAQUIL S.A.,Ecuador,GUAYAQUIL,XGUAECE1,,,,
l10n_ec.bank_382,COOPERATIVA DE AHORRO Y CREDITO FOCLA,Ecuador,LAGO AGRIO,CHDFECE1,,,,
l10n_ec.bank_383,COOPERATIVA DE AHORRO Y CREDITO SOCIO AMIGO COOPSA,Ecuador,MARCABELI,OAEOECE1,,,,
l10n_ec.bank_384,Coop. De A. Y C. Saint Michel Ltda.,Ecuador,,727,,,,
l10n_ec.bank_385,COOPERATIVA DE AHORRO Y CREDITO MANANTIAL DE ORO LTDA,Ecuador,MACHACHI,CMCNECE1,,,,
l10n_ec.bank_386,COOPERATIVA DE AHORRO Y CREDITO ANDINA LTDA,Ecuador,LATACUNGA,CEADECE1,,,,
l10n_ec.bank_387,COOPERATIVA DE AHORRO Y CREDITO ACCION Y DESARROLLO LTDA,Ecuador,GUAMOTE,CCDRECE1,,,,
l10n_ec.bank_388,COOPERATIVA DE AHORRO Y CREDITO FUTURO Y DESARROLLO FUNDESARROLLO,Ecuador,QUITO,CHTFECE1,,,,
l10n_ec.bank_389,Coop. De A. Y C. Esperanza Del Futuro Ltda.,Ecuador,,9902,,,,
l10n_ec.bank_390,Coop. De A. Y C. 17 De Marzo Ltda,Ecuador,,9903,,,,
l10n_ec.bank_391,Coop. De A. Y C. Catar Ltda,Ecuador,,9904,,,,
l10n_ec.bank_392,Coop. De A. Y C. De Accion Popular,Ecuador,,9905,,,,
l10n_ec.bank_393,Coop. De A. Y C. Alli Tarpuk Ltda,Ecuador,,9906,,,,
l10n_ec.bank_394,Coop. De A. Y C. 16 De Julio Ltda,Ecuador,,9907,,,,
l10n_ec.bank_395,COOPERATIVA DE AHORRO Y CREDITO POLICIA NACIONAL LTDA,Ecuador,QUITO,CPCCECE1,,,,
l10n_ec.bank_396,Coop. De A. Y C. Politecnica Ltda.,Ecuador,,9909,,,,
l10n_ec.bank_397,Coop. De A. Y C. Nacional Llano Grande Ltda.,Ecuador,,9910,,,,
l10n_ec.bank_398,Coop. De A. Y C. San Valentin,Ecuador,,9911,,,,
l10n_ec.bank_399,Coop. De A. Y C. Totalife Ltda,Ecuador,,9912,,,,
l10n_ec.bank_400,Acciones Valores Casa De Valores S.A. Accival,Ecuador,,9913,,,,
l10n_ec.bank_401,Santa Fe Casa De Valores S.A. Santafevalores,Ecuador,,9914,,,,
l10n_ec.bank_402,PICAVAL CASA DE VALORES SA,Ecuador,QUITO,PICVECE1,,,,
l10n_ec.bank_403,Analytica Securties C.A. Casa De Valores,Ecuador,,9916,,,,
l10n_ec.bank_404,Orion Casa De Valores S.A,,Ecuador,,,,,,
l10n_ec.bank_405,Stratega Casa De Valores S.A.,Ecuador,,,,,,
l10n_ec.bank_406,Ecofsa Casa De Valores S.A.,Ecuador,,9919,,,,
l10n_ec.bank_407,Merchantvalores Casa De Valores S.A.,Ecuador,,,,,,
l10n_ec.bank_408,Casa De Valores Value S.A.,Ecuador,,,,,,
l10n_ec.bank_409,Inmovalor Casa De Valores S.A.,Ecuador,,,,,,
l10n_ec.bank_410,Ecuabursatil Casa De Valores S.A.,Ecuador,,,,,,
l10n_ec.bank_411,Plus Valores Casa De Valores S.A.,Ecuador,,,,,,
l10n_ec.bank_412,Mercapital Casa De Valores S.A.,Ecuador,,,,,,
l10n_ec.bank_413,Portafolio Casa De Valores S.A. Portavalor,Ecuador,,9926,,,,
l10n_ec.bank_414,Metrovalores Casa De Valores S.A.,Ecuador,,,,,,
l10n_ec.bank_415,Vectorglobal Wmg Casa De Valores S.A.,Ecuador,,,,,,
l10n_ec.bank_416,Holdunpartners Casa De Valores S.A.,Ecuador,,,,,,
l10n_ec.bank_417,COOPERATIVA DE AHORRO Y CREDITO TENA LTDA,Ecuador,TENA,,,,,
l10n_ec.bank_418,Casa De Valores Banrio S.A.,Ecuador,,,,,,
l10n_ec.bank_419,Albion Casa De Valores S.A.,Ecuador,,,,,,
l10n_ec.bank_420,Masvalores Casa De Valores S.A Cavamasa,Ecuador,,,,,,
l10n_ec.bank_421,Casa De Valores Del Pacifico (Valpacifico) S.A.,Ecuador,,9934,,,,
l10n_ec.bank_422,Casa De Valores Advfin S.A.,Ecuador,,,,,,
l10n_ec.bank_423,Kapital One Casa De Valores S.A. Kaovalsa,Ecuador,,9936,,,,
l10n_ec.bank_424,Plusbursatil Casa De Valores S.A,Ecuador,,,,,,
l10n_ec.bank_425,Activa Ases.E Intermed.Valores Activalores Casa De,Ecuador,,9938,,,,
l10n_ec.bank_426,Citadel Casa De Valores S.A.,Ecuador,,,,,,
l10n_ec.bank_427,Decevale S.A.,Ecuador,,9940,,,,
l10n_ec.bank_428,Coop. De A. Y C. Santa Lucia Ltda,Ecuador,,9941,,,,
l10n_ec.bank_429,Coop. De A. Y C. Produactiva Ltda,Ecuador,,9942,,,,
l10n_ec.bank_430,Coop. De A. Y C. Tamboloma Ltda.,Ecuador,,9943,,,,
l10n_ec.bank_431,Coop De A. Y C. Pushak Runa Hombre Lider,Ecuador,,9944,,,,
l10n_ec.bank_432,Coop. De A. Y C. 15 De Agosto Ltda.,Ecuador,,9945,,,,
l10n_ec.bank_433,Coop. De A. Y C. Migrantes Del Ecuador Ltda,Ecuador,,9946,,,,
l10n_ec.bank_434,COOPERATIVA DE AHORRO Y CREDITO WUAMANLOMA LTDA,Ecuador,PELILEO,CACWECE1,,,,
l10n_ec.bank_435,COOPERATIVA DE AHORRO Y CREDITO SALATE LTDA,Ecuador,PELILEO,CSLSECE1,,,,
l10n_ec.bank_436,Coop. De A. Y C. Union Popular Ltda.,Ecuador,,9949,,,,
l10n_ec.bank_437,Coac Achik Inti Ltda,Ecuador,,9950,,,,
l10n_ec.bank_438,Coac El Migrante Solidario,Ecuador,,9951,,,,
l10n_ec.bank_439,Coop Ac Las Naves,Ecuador,,9952,,,,
l10n_ec.bank_440,Coop. De A. Y C. De Imbabura Amazonas,Ecuador,,9953,,,,
l10n_ec.bank_441,Coop. A. Y C. De Indigenas Chuchuqui Ltda,Ecuador,,9954,,,,
l10n_ec.bank_442,COOPERATIVA DE AHORRO Y CREDITO CREA LTDA.,Ecuador,CUENCA,OAORECE1,,,,
l10n_ec.bank_443,COOPERATIVA DE AHORRO Y CREDITO SOLIDARIA LTDA,Ecuador,LOJA,OARSECE1,,,,
l10n_ec.bank_444,Coop. De A. Y C. Unidad Y Progreso,Ecuador,,9957,,,,
l10n_ec.bank_445,Coac Loja Internacional Ltda.,Ecuador,,9958,,,,
l10n_ec.bank_446,COOPERATIVA DE AHORRO Y CREDITO 23 DE ENERO,Ecuador,PUYANGO,OHREECE1,,,,
l10n_ec.bank_447,Coac Obras Publicas Fiscales De Loja Y Zamora,Ecuador,,9960,,,,
l10n_ec.bank_448,Coac Del Sind Chof Prof Virgen Del Cisne,Ecuador,,9961,,,,
l10n_ec.bank_449,Coac San Miguel De Chirijos Ltda,Ecuador,,9962,,,,
l10n_ec.bank_450,COOPERATIVA DE AHORRO Y CREDITO CREDIL LTDA,Ecuador,SALCEDO,CHDLECE1,,,,
l10n_ec.bank_451,Coop. De A. Y C. El Altar Ltda.,Ecuador,,9964,,,,
l10n_ec.bank_452,Coop. De A. Y C. Nueva Alianza De Chimborazo Ltda,Ecuador,,9965,,,,
l10n_ec.bank_453,Coop. De A. Y C. Luis Felipe Duchicela Xxvii,Ecuador,,9966,,,,
l10n_ec.bank_454,Coop. De A. Y C. Nizag Ltda.,Ecuador,,9967,,,,
l10n_ec.bank_455,Coop. De A. Y C. Makita Kunchik,Ecuador,,9968,,,,
l10n_ec.bank_456,Coop. De A. Y C. Cerrada Manuela Leon,Ecuador,,9969,,,,
l10n_ec.bank_457,Coop. De A. Y C. El Buen Sembrador Ltda.,Ecuador,,9970,,,,
l10n_ec.bank_458,Coac Sindicato De Choferes Profesionales De Yantza,Ecuador,,9971,,,,
l10n_ec.bank_459,Coop. De A. Y C. 5 De Mayo De Santa Martha De Cuba,Ecuador,,9972,,,,
